{

    "metadata" :
    {
        "formatVersion" : 3.1,
        "sourceFile"    : "icosahedron.obj",
        "generatedBy"   : "OBJConverter",
        "vertices"      : 12,
        "faces"         : 20,
        "normals"       : 0,
        "colors"        : 0,
        "uvs"           : 0,
        "materials"     : 0
    },

    "scale" : 1.000000,

    "materials": [	{
	"DbgColor" : 15658734,
	"DbgIndex" : 0,
	"DbgName" : "default"
	}],

    "vertices": [0.000000,-0.525731,0.850651,0.850651,0.000000,0.525731,0.850651,0.000000,-0.525731,-0.850651,0.000000,-0.525731,-0.850651,0.000000,0.525731,-0.525731,0.850651,0.000000,0.525731,0.850651,0.000000,0.525731,-0.850651,0.000000,-0.525731,-0.850651,0.000000,0.000000,-0.525731,-0.850651,0.000000,0.525731,-0.850651,0.000000,0.525731,0.850651],

    "morphTargets": [],

    "morphColors": [],

    "normals": [],

    "colors": [],

    "uvs": [[]],

    "faces": [2,1,2,6,0,2,1,7,2,0,2,3,4,5,0,2,4,3,8,0,2,6,5,11,0,2,5,6,10,0,2,9,10,2,0,2,10,9,3,0,2,7,8,9,0,2,8,7,0,0,2,11,0,1,0,2,0,11,4,0,2,6,2,10,0,2,1,6,11,0,2,3,5,10,0,2,5,4,11,0,2,2,7,9,0,2,7,1,0,0,2,3,9,8,0,2,4,8,0,0]

}
